{"cameraMode":{"drawMode":0,"name":"Shaded","section":"Shading Mode"},"sceneLighting":true,"audioPlay":false,"sceneViewState":{"m_AlwaysRefresh":true,"showFog":true,"showSkybox":true,"showFlares":true,"showImageEffects":true,"showParticleSystems":true,"showVisualEffectGraphs":true,"m_FxEnabled":true},"in2DMode":false,"pivot":{"x":0.09619855880737305,"y":-0.8038873672485352,"z":2.6465539932250978},"rotation":{"x":-0.13307511806488038,"y":-0.0704091489315033,"z":0.009478272870182991,"w":-0.9885678887367249},"size":8.461244583129883,"orthographic":false}